[
  {
    "Type": "Plugin",
    "SupportedVersion": "4.30",
    "DirectoryPath": "Employees/nopCommerce 4.30/Widgets.Employees/",
    "SystemName": "Widgets.Employees",
    "SourceDirectoryPath": "Employees/nopCommerce 4.30/Nop.Plugin.Widgets.Employees/"
  },
  {
    "Type": "Plugin",
    "SupportedVersion": "4.40",
    "DirectoryPath": "Employees/nopCommerce 4.40/Widgets.Employees/",
    "SystemName": "Widgets.Employees",
    "SourceDirectoryPath": "Employees/nopCommerce 4.40/Nop.Plugin.Widgets.Employees/"
  }
]