[
  {
    "Type": "Plugin",
    "SupportedVersion": "4.50",
    "DirectoryPath": "Employees/nopCommerce 4.50/Widgets.Employees/",
    "SystemName": "Widgets.Employees",
    "SourceDirectoryPath": "Employees/nopCommerce 4.50/Nop.Plugin.Widgets.Employees/"
  },
  {
    "Type": "Plugin",
    "SupportedVersion": "4.60",
    "DirectoryPath": "Employees/nopCommerce 4.60/Widgets.Employees/",
    "SystemName": "Widgets.Employees",
    "SourceDirectoryPath": "Employees/nopCommerce 4.60/Nop.Plugin.Widgets.Employees/"
  }
]