[
  {
    "Type": "Plugin",
    "SupportedVersion": "4.60",
    "DirectoryPath": "Employees/nopCommerce 4.60/Widgets.Employees/",
    "SystemName": "Widgets.Employees",
    "SourceDirectoryPath": "Employees/nopCommerce 4.60/Nop.Plugin.Widgets.Employees/"
  },
  {
    "Type": "Plugin",
    "SupportedVersion": "4.70",
    "DirectoryPath": "Employees/nopCommerce 4.70/Widgets.Employees/",
    "SystemName": "Widgets.Employees",
    "SourceDirectoryPath": "Employees/nopCommerce 4.70/Nop.Plugin.Widgets.Employees/"
  }
]