[
  {
    "Type": "Plugin",
    "SupportedVersion": "4.70",
    "DirectoryPath": "Employees/nopCommerce 4.70/Widgets.Employees/",
    "SystemName": "Widgets.Employees",
    "SourceDirectoryPath": "Employees/nopCommerce 4.70/Nop.Plugin.Widgets.Employees/"
  },
  {
    "Type": "Plugin",
    "SupportedVersion": "4.80",
    "DirectoryPath": "Employees/nopCommerce 4.80/Widgets.Employees/",
    "SystemName": "Widgets.Employees",
    "SourceDirectoryPath": "Employees/nopCommerce 4.80/Nop.Plugin.Widgets.Employees/"
  },
  {
    "Type": "Plugin",
    "SupportedVersion": "4.90",
    "DirectoryPath": "Employees/nopCommerce 4.90/Widgets.Employees/",
    "SystemName": "Widgets.Employees",
    "SourceDirectoryPath": "Employees/nopCommerce 4.90/Nop.Plugin.Widgets.Employees/"
  }
]